Gene stable ID,Gene name
ENSMUSG00000019338,Zfp687
ENSMUSG00000005774,Rfx5
ENSMUSG00000015522,Arnt
ENSMUSG00000027938,Creb3l4
ENSMUSG00000001419,Mef2d
ENSMUSG00000003382,Etv3
ENSMUSG00000028042,Zbtb7b
ENSMUSG00000028150,Rorc
ENSMUSG00000118505,ETV3L
ENSMUSG00000052534,Pbx1
ENSMUSG00000033964,Zbtb41
ENSMUSG00000026572,Tbx19
ENSMUSG00000015843,Rxrg
ENSMUSG00000026641,Usf1
ENSMUSG00000043467,Zbtb37
ENSMUSG00000026468,Lhx4
ENSMUSG00000026686,Lmx1a
ENSMUSG00000026586,Prrx1
ENSMUSG00000026565,Pou2f1
ENSMUSG00000066797,Zfp648
ENSMUSG00000005677,Nr1i3
ENSMUSG00000019230,Lhx9
ENSMUSG00000051251,Nhlh1
ENSMUSG00000026398,Nr5a2
ENSMUSG00000026663,Atf6
ENSMUSG00000026628,Atf3
ENSMUSG00000063659,Zbtb18
ENSMUSG00000010175,Prox1
ENSMUSG00000015619,Gata3
ENSMUSG00000037243,Zfp692
ENSMUSG00000026459,Myog
ENSMUSG00000098905,Zfp953
ENSMUSG00000098905,Zfp953
ENSMUSG00000039377,Hlx
ENSMUSG00000094410,Gm38394
ENSMUSG00000049755,Zfp672
ENSMUSG00000000078,Klf6
ENSMUSG00000026497,Mixl1
ENSMUSG00000055341,Zfp457
ENSMUSG00000055341,Zfp457
ENSMUSG00000055150,Zfp78
ENSMUSG00000055150,Zfp78
ENSMUSG00000057842,Zfp595
ENSMUSG00000057842,Zfp595
ENSMUSG00000041483,Zfp281
ENSMUSG00000070643,Sox13
ENSMUSG00000114923,Gm49345
ENSMUSG00000114923,Gm49345
ENSMUSG00000026630,Batf3
ENSMUSG00000003051,Elf3
ENSMUSG00000020472,Zkscan17
ENSMUSG00000026610,Esrrg
ENSMUSG00000097918,Ascl5
ENSMUSG00000026638,Irf6
ENSMUSG00000054074,Skida1
ENSMUSG00000048280,Zfp738
ENSMUSG00000048280,Zfp738
ENSMUSG00000026436,Elk4
ENSMUSG00000100235,Gm28557
ENSMUSG00000025215,Tlx1
ENSMUSG00000055320,Tead1
ENSMUSG00000025498,Irf7
ENSMUSG00000016458,Wt1
ENSMUSG00000024238,Zeb1
ENSMUSG00000036816,Atoh7
ENSMUSG00000050945,Zfp438
ENSMUSG00000006270,Vax1
ENSMUSG00000025216,Lbx1
ENSMUSG00000074824,Rslcan18
ENSMUSG00000009248,Ascl2
ENSMUSG00000040167,Ikzf5
ENSMUSG00000012350,Ehf
ENSMUSG00000025470,Zfp511
ENSMUSG00000061079,Zfp143
ENSMUSG00000059689,Zfp637
ENSMUSG00000044220,Nkx2-3
ENSMUSG00000075046,Duxf3
ENSMUSG00000027230,Creb3l1
ENSMUSG00000030145,Zfp248
ENSMUSG00000055116,Arntl
ENSMUSG00000043969,Emx2
ENSMUSG00000061013,Mkx
ENSMUSG00000075045,Gm4981
ENSMUSG00000049164,Zfp518a
ENSMUSG00000058537,AW822073
ENSMUSG00000044312,Neurog3
ENSMUSG00000063889,Crem
ENSMUSG00000067430,Zfp763
ENSMUSG00000041730,Prrxl1
ENSMUSG00000010476,Ebf3
ENSMUSG00000027168,Pax6
ENSMUSG00000059878,Zfp422
ENSMUSG00000050100,Hmx2
ENSMUSG00000051910,Sox6
ENSMUSG00000046179,E2f8
ENSMUSG00000040148,Hmx3
ENSMUSG00000026735,Ptf1a
ENSMUSG00000040310,Alx4
ENSMUSG00000072623,Zfp9
ENSMUSG00000041309,Nkx6-2
ENSMUSG00000030507,Dbx1
ENSMUSG00000075040,Zfp408
ENSMUSG00000048377,Foxi2
ENSMUSG00000024985,Tcf7l2
ENSMUSG00000060314,Zfp941
ENSMUSG00000027186,Elf5
ENSMUSG00000037868,Egr2
ENSMUSG00000035951,Ascl3
ENSMUSG00000048528,Nkx1-2
ENSMUSG00000025225,Nfkb2
ENSMUSG00000004231,Pax2
ENSMUSG00000042097,Zfp239
ENSMUSG00000025025,Mxi1
ENSMUSG00000058886,Deaf1
ENSMUSG00000009471,Myod1
ENSMUSG00000045608,Dbx2
ENSMUSG00000020248,Nfyb
ENSMUSG00000055150,Zfp78
ENSMUSG00000055150,Zfp78
ENSMUSG00000055150,Zfp78
ENSMUSG00000027794,Sohlh2
ENSMUSG00000036139,Hoxc9
ENSMUSG00000042002,Foxn4
ENSMUSG00000012396,Nanog
ENSMUSG00000001517,Foxm1
ENSMUSG00000007946,Phox2a
ENSMUSG00000046897,Zfp740
ENSMUSG00000060284,Sp7
ENSMUSG00000050328,Hoxc12
ENSMUSG00000085111,Ascl4
ENSMUSG00000044617,Zbtb39
ENSMUSG00000032033,Barx2
ENSMUSG00000036098,Myrf
ENSMUSG00000054360,Bsx
ENSMUSG00000022485,Hoxc5
ENSMUSG00000001661,Hoxc6
ENSMUSG00000034057,Myrfl
ENSMUSG00000001288,Rarg
ENSMUSG00000032652,Crebl2
ENSMUSG00000024955,Esrra
ENSMUSG00000042589,Cux2
ENSMUSG00000035923,Myf6
ENSMUSG00000001656,Hoxc11
ENSMUSG00000008398,Elk3
ENSMUSG00000001657,Hoxc8
ENSMUSG00000035529,Prdm4
ENSMUSG00000053129,Gsx1
ENSMUSG00000032119,Hinfp
ENSMUSG00000048015,Neurod4
ENSMUSG00000045903,Npas4
ENSMUSG00000025407,Gli1
ENSMUSG00000001655,Hoxc13
ENSMUSG00000023284,Zfp605
ENSMUSG00000023027,Atf1
ENSMUSG00000038342,Mlxip
ENSMUSG00000024927,Rela
ENSMUSG00000036461,Elf1
ENSMUSG00000020185,E2f7
ENSMUSG00000038346,Zfp384
ENSMUSG00000024922,Ovol1
ENSMUSG00000040187,Arntl2
ENSMUSG00000071661,Zbtb3
ENSMUSG00000029644,Pdx1
ENSMUSG00000047638,Nr1h4
ENSMUSG00000032035,Ets1
ENSMUSG00000036602,Alx1
ENSMUSG00000016087,Fli1
ENSMUSG00000051451,Crebzf
ENSMUSG00000002147,Stat6
ENSMUSG00000022987,Zfp641
ENSMUSG00000024912,Fosl1
ENSMUSG00000002108,Nr1h3
ENSMUSG00000029595,Lhx5
ENSMUSG00000030199,Etv6
ENSMUSG00000018263,Tbx5
ENSMUSG00000041540,Sox5
ENSMUSG00000040033,Stat2
ENSMUSG00000066687,Zbtb16
ENSMUSG00000029556,Hnf1a
ENSMUSG00000005897,Nr2c1
ENSMUSG00000031870,Pgr
ENSMUSG00000044636,Csrnp2
ENSMUSG00000035934,Pknox2
ENSMUSG00000030256,Bhlhe41
ENSMUSG00000009733,Tfcp2
ENSMUSG00000074397,Foxr1
ENSMUSG00000025602,Zfp202
ENSMUSG00000029646,Cdx2
ENSMUSG00000039699,Batf2
ENSMUSG00000023034,Nr4a1
ENSMUSG00000003154,Foxj2
ENSMUSG00000018604,Tbx3
ENSMUSG00000075394,Hoxc4
ENSMUSG00000022479,Vdr
ENSMUSG00000000435,Myf5
ENSMUSG00000020037,Rfx4
ENSMUSG00000099083,Atf7
ENSMUSG00000002111,Spi1
ENSMUSG00000044167,Foxo1
ENSMUSG00000025408,Ddit3
ENSMUSG00000002578,Ikzf4
ENSMUSG00000030353,Tead4
ENSMUSG00000079215,Zfp664
ENSMUSG00000004359,Spic
ENSMUSG00000020052,Ascl1
ENSMUSG00000022484,Hoxc10
ENSMUSG00000032015,Pou2f3
ENSMUSG00000052414,Gm28047
ENSMUSG00000009739,Pou6f1
ENSMUSG00000058794,Nfe2
ENSMUSG00000001280,Sp1
ENSMUSG00000040632,Nrl
ENSMUSG00000052435,Cebpe
ENSMUSG00000048921,Zfp689
ENSMUSG00000018973,Hoxb1
ENSMUSG00000031665,Sall1
ENSMUSG00000001496,Nkx2-1
ENSMUSG00000030544,Mesp1
ENSMUSG00000001497,Pax9
ENSMUSG00000033943,Mga
ENSMUSG00000057156,Homez
ENSMUSG00000030557,Mef2a
ENSMUSG00000049728,Zfp668
ENSMUSG00000050619,Zscan29
ENSMUSG00000005836,Gata6
ENSMUSG00000038872,Zfhx3
ENSMUSG00000058669,Nkx2-9
ENSMUSG00000020871,Dlx4
ENSMUSG00000031738,Irx6
ENSMUSG00000049532,Sall2
ENSMUSG00000001444,Tbx21
ENSMUSG00000094817,Cphx3
ENSMUSG00000039789,Zfp597
ENSMUSG00000062012,Zfp13
ENSMUSG00000041515,Irf8
ENSMUSG00000023781,Hes7
ENSMUSG00000020889,Nr1d1
ENSMUSG00000037992,Rara
ENSMUSG00000015709,Arnt2
ENSMUSG00000020919,Stat5b
ENSMUSG00000096014,Sox1
ENSMUSG00000047388,Atmin
ENSMUSG00000054939,Zfp174
ENSMUSG00000047407,Tgif1
ENSMUSG00000038482,Tfdp1
ENSMUSG00000055639,Dach1
ENSMUSG00000005718,Tfap4
ENSMUSG00000017801,Mlx
ENSMUSG00000038721,Hoxb7
ENSMUSG00000004043,Stat5a
ENSMUSG00000095975,Cphx1
ENSMUSG00000020538,Srebf1
ENSMUSG00000078580,E430018J23Rik
ENSMUSG00000001493,Meox1
ENSMUSG00000005267,Zfp287
ENSMUSG00000018678,Sp2
ENSMUSG00000040321,Zfp770
ENSMUSG00000023411,Nfatc4
ENSMUSG00000031734,Irx3
ENSMUSG00000000282,Mnt
ENSMUSG00000043013,Onecut1
ENSMUSG00000056648,Hoxb8
ENSMUSG00000031728,Zfp821
ENSMUSG00000027210,Meis2
ENSMUSG00000022245,Skor1
ENSMUSG00000036442,Thap11
ENSMUSG00000097084,Foxl1
ENSMUSG00000042320,Prox2
ENSMUSG00000059436,Max
ENSMUSG00000030678,Maz
ENSMUSG00000098463,Cphx2
ENSMUSG00000061524,Zic2
ENSMUSG00000043099,Hic1
ENSMUSG00000040721,Zfhx2
ENSMUSG00000005621,Zfp592
ENSMUSG00000000093,Tbx2
ENSMUSG00000031902,Nfatc3
ENSMUSG00000037674,Rfx7
ENSMUSG00000021255,Esrrb
ENSMUSG00000051469,Zfp24
ENSMUSG00000002057,Foxn1
ENSMUSG00000041287,Sox15
ENSMUSG00000034266,Batf
ENSMUSG00000005698,Ctcf
ENSMUSG00000075595,Zfp652
ENSMUSG00000045251,Zfp688
ENSMUSG00000051367,Six1
ENSMUSG00000021239,Vsx2
ENSMUSG00000045598,Zfp553
ENSMUSG00000023902,Zscan10
ENSMUSG00000051510,Mafg
ENSMUSG00000030757,Zkscan2
ENSMUSG00000046714,Foxc2
ENSMUSG00000021010,Npas3
ENSMUSG00000024137,E4f1
ENSMUSG00000000690,Hoxb6
ENSMUSG00000025105,Bnc1
ENSMUSG00000055435,Maf
ENSMUSG00000000567,Sox9
ENSMUSG00000018168,Ikzf3
ENSMUSG00000032402,Smad3
ENSMUSG00000020679,Hnf1b
ENSMUSG00000017724,Etv4
ENSMUSG00000030699,Tbx6
ENSMUSG00000021264,Yy1
ENSMUSG00000056459,Zbtb25
ENSMUSG00000038692,Hoxb4
ENSMUSG00000033713,Foxn3
ENSMUSG00000038255,Neurod2
ENSMUSG00000014859,E2f4
ENSMUSG00000055835,Zfp1
ENSMUSG00000048251,Bcl11b
ENSMUSG00000018347,Zkscan6
ENSMUSG00000021055,Esr2
ENSMUSG00000021099,Six6
ENSMUSG00000018377,Vezf1
ENSMUSG00000034271,Jdp2
ENSMUSG00000052040,Klf13
ENSMUSG00000021095,Gsc
ENSMUSG00000045333,Zfp423
ENSMUSG00000048349,Pou4f1
ENSMUSG00000024276,Zfp397
ENSMUSG00000033454,Zbtb1
ENSMUSG00000003949,Hlf
ENSMUSG00000033249,Hsf4
ENSMUSG00000000094,Tbx4
ENSMUSG00000014303,Glis2
ENSMUSG00000037638,Zbtb42
ENSMUSG00000049672,Zbtb14
ENSMUSG00000054716,Zfp771
ENSMUSG00000024176,Sox8
ENSMUSG00000039275,Foxk2
ENSMUSG00000038535,Zfp280d
ENSMUSG00000049295,Zfp219
ENSMUSG00000075588,Hoxb2
ENSMUSG00000021848,Otx2
ENSMUSG00000021109,Hif1a
ENSMUSG00000038700,Hoxb5
ENSMUSG00000034227,Foxj1
ENSMUSG00000038615,Nfe2l1
ENSMUSG00000044243,Bhlha9
ENSMUSG00000071256,Zfp213
ENSMUSG00000018750,Zbtb4
ENSMUSG00000002325,Irf9
ENSMUSG00000032318,Isl2
ENSMUSG00000043602,Zfp3
ENSMUSG00000067430,Zfp763
ENSMUSG00000039238,Zfp750
ENSMUSG00000035451,Foxa1
ENSMUSG00000032292,Nr2e3
ENSMUSG00000047342,Zfp286
ENSMUSG00000004040,Stat3
ENSMUSG00000046556,Zfp319
ENSMUSG00000059246,Foxb1
ENSMUSG00000030543,Mesp2
ENSMUSG00000018698,Lhx1
ENSMUSG00000043903,Zfp469
ENSMUSG00000032228,Tcf12
ENSMUSG00000041703,Zic5
ENSMUSG00000031907,Zfp90
ENSMUSG00000058756,Thra
ENSMUSG00000049604,Hoxb13
ENSMUSG00000003847,Nfat5
ENSMUSG00000045757,Zfp764
ENSMUSG00000072294,Klf12
ENSMUSG00000061517,Sox21
ENSMUSG00000031737,Irx5
ENSMUSG00000047371,Zfp768
ENSMUSG00000045639,Zfp629
ENSMUSG00000059552,Trp53
ENSMUSG00000005148,Klf5
ENSMUSG00000012396,Nanog
ENSMUSG00000001510,Dlx3
ENSMUSG00000030551,Nr2f2
ENSMUSG00000034460,Six4
ENSMUSG00000045440,Insm2
ENSMUSG00000038560,Sp6
ENSMUSG00000042812,Foxf1
ENSMUSG00000070345,Hsf5
ENSMUSG00000020875,Hoxb9
ENSMUSG00000038797,Zscan2
ENSMUSG00000006587,Snai3
ENSMUSG00000049739,Zfp646
ENSMUSG00000032238,Rora
ENSMUSG00000000317,Bcl6b
ENSMUSG00000001103,Sebox
ENSMUSG00000048763,Hoxb3
ENSMUSG00000022529,Zfp263
ENSMUSG00000021250,Fos
ENSMUSG00000024420,Zfp521
ENSMUSG00000044676,Zfp612
ENSMUSG00000020950,Foxg1
ENSMUSG00000051184,Zfp524
ENSMUSG00000000942,Hoxa4
ENSMUSG00000054893,Zfp667
ENSMUSG00000055197,Fev
ENSMUSG00000045466,Zfp956
ENSMUSG00000045466,Zfp956
ENSMUSG00000027985,Lef1
ENSMUSG00000027490,E2f1
ENSMUSG00000044296,Zfp879
ENSMUSG00000024497,Pou4f3
ENSMUSG00000073043,Atoh1
ENSMUSG00000032419,Tbx18
ENSMUSG00000038203,Hoxa13
ENSMUSG00000011427,Zfp790
ENSMUSG00000073423,Zfp414
ENSMUSG00000021327,Zkscan3
ENSMUSG00000063047,Zfp780b
ENSMUSG00000100265,Gm28363
ENSMUSG00000026826,Nr4a2
ENSMUSG00000060601,Nr1h2
ENSMUSG00000017667,Zfp334
ENSMUSG00000040610,Tlx3
ENSMUSG00000051149,Adnp
ENSMUSG00000027667,Zfp639
ENSMUSG00000020420,Zfp607a
ENSMUSG00000058900,Rsl1
ENSMUSG00000026305,Lrrfip1
ENSMUSG00000029249,Rest
ENSMUSG00000029546,Uncx
ENSMUSG00000029844,Hoxa1
ENSMUSG00000022738,Gsc2
ENSMUSG00000050240,Hic2
ENSMUSG00000053007,Creb5
ENSMUSG00000034041,Lyl1
ENSMUSG00000063894,Zkscan8
ENSMUSG00000001910,Nacc1
ENSMUSG00000090659,Zfp493
ENSMUSG00000000823,Zfp512b
ENSMUSG00000098692,Gm28041
ENSMUSG00000098692,Gm28041
ENSMUSG00000098692,Gm28041
ENSMUSG00000098692,Gm28041
ENSMUSG00000098692,Gm28041
ENSMUSG00000098692,Gm28041
ENSMUSG00000098692,Gm28041
ENSMUSG00000098692,Gm28041
ENSMUSG00000098692,Gm28041
ENSMUSG00000098692,Gm28041
ENSMUSG00000098692,Gm28041
ENSMUSG00000098692,Gm28041
ENSMUSG00000074405,Zfp865
ENSMUSG00000006311,Etv2
ENSMUSG00000112252,Gm32802
ENSMUSG00000036144,Meox2
ENSMUSG00000019900,Rfx6
ENSMUSG00000071291,Zfp58
ENSMUSG00000058246,Gm10037
ENSMUSG00000058246,Gm10037
ENSMUSG00000058246,Gm10037
ENSMUSG00000058246,Gm10037
ENSMUSG00000058246,Gm10037
ENSMUSG00000058246,Gm10037
ENSMUSG00000058246,Gm10037
ENSMUSG00000058246,Gm10037
ENSMUSG00000058246,Gm10037
ENSMUSG00000058246,Gm10037
ENSMUSG00000058246,Gm10037
ENSMUSG00000058246,Gm10037
ENSMUSG00000044807,Zfp354c
ENSMUSG00000069171,Nr2f1
ENSMUSG00000058093,Zfp729b
ENSMUSG00000058447,Gm26920
ENSMUSG00000074406,Zfp628
ENSMUSG00000090641,Zfp712
ENSMUSG00000073427,Gm4924
ENSMUSG00000062761,Zfp512
ENSMUSG00000029238,Clock
ENSMUSG00000074622,Mafb
ENSMUSG00000029112,Nkx1-1
ENSMUSG00000068154,Insm1
ENSMUSG00000031618,Nr3c2
ENSMUSG00000041911,Dlx1
ENSMUSG00000019826,Zbtb24
ENSMUSG00000068962,Zfp114
ENSMUSG00000056501,Cebpb
ENSMUSG00000035187,Nkx6-1
ENSMUSG00000060969,Irx1
ENSMUSG00000015579,Nkx2-5
ENSMUSG00000094874,AC132444.3
ENSMUSG00000000782,Tcf7
ENSMUSG00000000103,Zfy2
ENSMUSG00000000103,Zfy2
ENSMUSG00000000103,Zfy2
ENSMUSG00000000103,Zfy2
ENSMUSG00000000103,Zfy2
ENSMUSG00000000103,Zfy2
ENSMUSG00000000103,Zfy2
ENSMUSG00000000103,Zfy2
ENSMUSG00000000103,Zfy2
ENSMUSG00000000103,Zfy2
ENSMUSG00000000103,Zfy2
ENSMUSG00000000103,Zfy2
ENSMUSG00000000103,Zfy2
ENSMUSG00000000103,Zfy2
ENSMUSG00000000103,Zfy2
ENSMUSG00000000103,Zfy2
ENSMUSG00000000103,Zfy2
ENSMUSG00000000103,Zfy2
ENSMUSG00000000103,Zfy2
ENSMUSG00000000103,Zfy2
ENSMUSG00000000103,Zfy2
ENSMUSG00000054191,Klf1
ENSMUSG00000053950,Adnp2
ENSMUSG00000035397,Klf16
ENSMUSG00000006705,Pknox1
ENSMUSG00000035877,Zhx3
ENSMUSG00000032372,Plscr2
ENSMUSG00000031860,Pbx4
ENSMUSG00000026017,Carf
ENSMUSG00000024140,Epas1
ENSMUSG00000095092,AC125149.5
ENSMUSG00000031681,Smad1
ENSMUSG00000093668,Pou5f2
ENSMUSG00000099689,Zfp383
ENSMUSG00000060397,Zfp128
ENSMUSG00000022528,Hes1
ENSMUSG00000037335,Hand1
ENSMUSG00000003184,Irf3
ENSMUSG00000048402,Gli2
ENSMUSG00000050368,Hoxd10
ENSMUSG00000034957,Cebpa
ENSMUSG00000001504,Irx2
ENSMUSG00000020167,Tcf3
ENSMUSG00000022463,Srebf2
ENSMUSG00000002250,Ppard
ENSMUSG00000022228,Zscan26
ENSMUSG00000024215,Spdef
ENSMUSG00000035799,Twist1
ENSMUSG00000048562,Sp8
ENSMUSG00000051817,Sox12
ENSMUSG00000022895,Ets2
ENSMUSG00000034673,Pbx2
ENSMUSG00000032368,Zic1
ENSMUSG00000055633,Zfp580
ENSMUSG00000024515,Smad4
ENSMUSG00000039830,Olig2
ENSMUSG00000046518,Ferd3l
ENSMUSG00000026872,Zeb2
ENSMUSG00000025927,Tfap2b
ENSMUSG00000062327,T
ENSMUSG00000051550,Zfp579
ENSMUSG00000036686,Cc2d1a
ENSMUSG00000045252,Zfp574
ENSMUSG00000039967,Zfp292
ENSMUSG00000027109,Sp3
ENSMUSG00000042622,Maff
ENSMUSG00000047861,Foxi1
ENSMUSG00000031706,Rfx1
ENSMUSG00000040841,Six5
ENSMUSG00000002983,Relb
ENSMUSG00000017861,Mybl2
ENSMUSG00000037034,Pax1
ENSMUSG00000057098,Ebf1
ENSMUSG00000101174,Hoxd4
ENSMUSG00000039656,Rxrb
ENSMUSG00000078779,Zfp59
ENSMUSG00000042258,Isl1
ENSMUSG00000055313,Pgbd1
ENSMUSG00000031688,Pou4f2
ENSMUSG00000026380,Tfcp2l1
ENSMUSG00000031621,Isx
ENSMUSG00000021604,Irx4
ENSMUSG00000001156,Mxd1
ENSMUSG00000035946,Gsx2
ENSMUSG00000055799,Tcf7l1
ENSMUSG00000021362,Gcm2
ENSMUSG00000093910,Zfp853
ENSMUSG00000024050,Wiz
ENSMUSG00000030486,Zfp108
ENSMUSG00000008193,Spib
ENSMUSG00000005503,Evx1
ENSMUSG00000059975,Zfp74
ENSMUSG00000074676,Foxs1
ENSMUSG00000030386,Zfp606
ENSMUSG00000042406,Atf4
ENSMUSG00000025997,Ikzf2
ENSMUSG00000057396,Zfp759
ENSMUSG00000068302,Noto
ENSMUSG00000074637,Sox2
ENSMUSG00000022383,Ppara
ENSMUSG00000062175,Tgif2
ENSMUSG00000019789,Hey2
ENSMUSG00000047264,Zfp358
ENSMUSG00000030446,Zfp273
ENSMUSG00000001823,Hoxd12
ENSMUSG00000041995,Zbed3
ENSMUSG00000032369,Plscr1
ENSMUSG00000040891,Foxa3
ENSMUSG00000052837,Junb
ENSMUSG00000048904,Neurog1
ENSMUSG00000024518,Rax
ENSMUSG00000043342,Hoxd9
ENSMUSG00000027104,Atf2
ENSMUSG00000037169,Mycn
ENSMUSG00000042821,Snai1
ENSMUSG00000044647,Csrnp3
ENSMUSG00000018654,Ikzf1
ENSMUSG00000021514,Zfp369
ENSMUSG00000037730,Mynn
ENSMUSG00000019768,Esr1
ENSMUSG00000033016,Nfatc1
ENSMUSG00000095432,Zfp748
ENSMUSG00000074500,Zfp558
ENSMUSG00000074500,Zfp558
ENSMUSG00000052446,Zfp961
ENSMUSG00000052446,Zfp961
ENSMUSG00000052446,Zfp961
ENSMUSG00000030103,Bhlhe40
ENSMUSG00000062861,Zfp28
ENSMUSG00000117495,Gm4125
ENSMUSG00000046160,Olig1
ENSMUSG00000047171,Helt
ENSMUSG00000023994,Nfya
ENSMUSG00000079605,Zbtb9
ENSMUSG00000078302,Foxd1
ENSMUSG00000049764,Zfp280b
ENSMUSG00000112495,Gm9048
ENSMUSG00000048280,Zfp738
ENSMUSG00000048280,Zfp738
ENSMUSG00000048280,Zfp738
ENSMUSG00000048280,Zfp738
ENSMUSG00000023991,Foxp4
ENSMUSG00000027660,Skil
ENSMUSG00000057173,Rfx8
ENSMUSG00000072889,Nfxl1
ENSMUSG00000053747,Sox14
ENSMUSG00000053552,Ebf4
ENSMUSG00000034701,Neurod1
ENSMUSG00000057469,E2f6
ENSMUSG00000043991,Pura
ENSMUSG00000020453,Patz1
ENSMUSG00000041420,Meis3
ENSMUSG00000055480,Zfp458
ENSMUSG00000004328,Hif3a
ENSMUSG00000067071,Hes6
ENSMUSG00000046572,Zfp518b
ENSMUSG00000032446,Eomes
ENSMUSG00000114923,Gm49345
ENSMUSG00000114923,Gm49345
ENSMUSG00000114923,Gm49345
ENSMUSG00000114923,Gm49345
ENSMUSG00000042596,Tfap2d
ENSMUSG00000037279,Ovol2
ENSMUSG00000040433,Zbtb38
ENSMUSG00000037025,Foxa2
ENSMUSG00000055150,Zfp78
ENSMUSG00000055150,Zfp78
ENSMUSG00000055150,Zfp78
ENSMUSG00000055150,Zfp78
ENSMUSG00000055150,Zfp78
ENSMUSG00000055150,Zfp78
ENSMUSG00000055150,Zfp78
ENSMUSG00000055150,Zfp78
ENSMUSG00000055150,Zfp78
ENSMUSG00000055150,Zfp78
ENSMUSG00000055150,Zfp78
ENSMUSG00000055150,Zfp78
ENSMUSG00000004151,Etv1
ENSMUSG00000043219,Hoxa6
ENSMUSG00000098022,Zfp82
ENSMUSG00000027544,Nfatc2
ENSMUSG00000066721,Zfp575
ENSMUSG00000037029,Zfp146
ENSMUSG00000059842,Zfp341
ENSMUSG00000052056,Zfp217
ENSMUSG00000029127,Zbtb49
ENSMUSG00000024406,Pou5f1
ENSMUSG00000062939,Stat4
ENSMUSG00000100642,Gm28230
ENSMUSG00000035033,Tbr1
ENSMUSG00000053477,Tcf4
ENSMUSG00000063632,Sox11
ENSMUSG00000004842,Pou1f1
ENSMUSG00000040726,Hesx1
ENSMUSG00000072675,Duxbl2
ENSMUSG00000023333,Gcm1
ENSMUSG00000029178,Klf3
ENSMUSG00000058881,Zfp516
ENSMUSG00000051034,Zfp11
ENSMUSG00000046541,Zfp526
ENSMUSG00000024565,Sall3
ENSMUSG00000061898,Rbak
ENSMUSG00000047907,Tshz2
ENSMUSG00000007805,Twist2
ENSMUSG00000055305,Zfp93
ENSMUSG00000058239,Usf2
ENSMUSG00000020653,Klf11
ENSMUSG00000038193,Hand2
ENSMUSG00000040270,Bach2
ENSMUSG00000022811,Zfp148
ENSMUSG00000022601,Zbtb11
ENSMUSG00000037621,Atoh8
ENSMUSG00000036036,Zfp57
ENSMUSG00000071076,Jund
ENSMUSG00000079033,Mef2b
ENSMUSG00000032411,Tfdp2
ENSMUSG00000026104,Stat1
ENSMUSG00000039191,Rbpj
ENSMUSG00000015461,Atf6b
ENSMUSG00000020160,Meis1
ENSMUSG00000055053,Nfic
ENSMUSG00000005442,Cic
ENSMUSG00000015501,Hivep2
ENSMUSG00000041258,Zfp236
ENSMUSG00000038539,Atf5
ENSMUSG00000038236,Hoxa7
ENSMUSG00000094504,Gm5294
ENSMUSG00000048481,Mypop
ENSMUSG00000034486,Gbx2
ENSMUSG00000079277,Hoxd3
ENSMUSG00000019803,Nr2e1
ENSMUSG00000061911,Myt1l
ENSMUSG00000019256,Ahr
ENSMUSG00000057842,Zfp595
ENSMUSG00000057842,Zfp595
ENSMUSG00000057842,Zfp595
ENSMUSG00000057842,Zfp595
ENSMUSG00000112419,Gm9044
ENSMUSG00000045680,Tcf21
ENSMUSG00000100512,Ovol3
ENSMUSG00000033006,Sox10
ENSMUSG00000001988,Npas1
ENSMUSG00000017817,Jph2
ENSMUSG00000032515,Csrnp1
ENSMUSG00000038210,Hoxa11
ENSMUSG00000044876,Zfp444
ENSMUSG00000095139,Pou3f2
ENSMUSG00000008976,Gabpa
ENSMUSG00000023391,Dlx2
ENSMUSG00000030796,Tead2
ENSMUSG00000037984,Neurod6
ENSMUSG00000059824,Dbp
ENSMUSG00000002249,Tead3
ENSMUSG00000000861,Bcl11a
ENSMUSG00000041578,Crx
ENSMUSG00000038151,Prdm1
ENSMUSG00000049823,Zbtb12
ENSMUSG00000095672,AC133103.5
ENSMUSG00000075327,Zbtb2
ENSMUSG00000048387,Osr1
ENSMUSG00000051176,Zfp42
ENSMUSG00000075304,Sp5
ENSMUSG00000058883,Zfp708
ENSMUSG00000074194,Zfp791
ENSMUSG00000117819,Gm50253
ENSMUSG00000038331,Satb2
ENSMUSG00000055341,Zfp457
ENSMUSG00000055341,Zfp457
ENSMUSG00000055341,Zfp457
ENSMUSG00000055341,Zfp457
ENSMUSG00000048012,Zfp473
ENSMUSG00000039153,Runx2
ENSMUSG00000002265,Peg3
ENSMUSG00000021359,Tfap2a
ENSMUSG00000028640,Tfap2c
ENSMUSG00000046962,Zbtb21
ENSMUSG00000019878,Hsf2
ENSMUSG00000094915,AC168977.2
ENSMUSG00000047603,Zfp235
ENSMUSG00000024619,Cdx1
ENSMUSG00000034071,Zfp551
ENSMUSG00000012520,Phox2b
ENSMUSG00000027582,Zgpat
ENSMUSG00000068859,Sp9
ENSMUSG00000021356,Irf4
ENSMUSG00000009734,Pou6f2
ENSMUSG00000015839,Nfe2l2
ENSMUSG00000019913,Sim1
ENSMUSG00000070822,Zscan18
ENSMUSG00000029913,Prdm5
ENSMUSG00000049321,Zfp2
ENSMUSG00000055148,Klf2
ENSMUSG00000030604,Zfp626
ENSMUSG00000046351,Zfp322a
ENSMUSG00000004500,Zfp324
ENSMUSG00000004500,Zfp324
ENSMUSG00000016477,E2f3
ENSMUSG00000013089,Etv5
ENSMUSG00000021485,Mxd3
ENSMUSG00000015053,Gata2
ENSMUSG00000051037,Zfp455
ENSMUSG00000049421,Zfp260
ENSMUSG00000047002,Msgn1
ENSMUSG00000027684,Mecom
ENSMUSG00000058331,Zfp85
ENSMUSG00000056493,Foxk1
ENSMUSG00000046792,Zfp787
ENSMUSG00000112781,Gm9046
ENSMUSG00000045591,Olig3
ENSMUSG00000068284,Usf3
ENSMUSG00000020473,Aebp1
ENSMUSG00000060257,Scrt2
ENSMUSG00000057101,Zfp180
ENSMUSG00000072672,Duxbl3
ENSMUSG00000014704,Hoxa2
ENSMUSG00000010505,Myt1
ENSMUSG00000008496,Pou2f2
ENSMUSG00000037235,Mxd4
ENSMUSG00000078995,Zfp456
ENSMUSG00000019817,Plagl1
ENSMUSG00000048502,Duxbl1
ENSMUSG00000050295,Foxc1
ENSMUSG00000038705,Gmeb2
ENSMUSG00000033726,Emx1
ENSMUSG00000021685,Otp
ENSMUSG00000003545,Fosb
ENSMUSG00000034968,Lbx2
ENSMUSG00000027434,Nkx2-2
ENSMUSG00000112027,Gm9045
ENSMUSG00000037174,Elf2
ENSMUSG00000030393,Zik1
ENSMUSG00000050397,Foxl2
ENSMUSG00000056216,Cebpg
ENSMUSG00000035011,Zbtb7a
ENSMUSG00000074862,BC025920
ENSMUSG00000005893,Nr2c2
ENSMUSG00000051390,Zbtb22
ENSMUSG00000022510,Trp63
ENSMUSG00000051490,Foxd4
ENSMUSG00000017491,Rarb
ENSMUSG00000045518,Onecut3
ENSMUSG00000097333,Zfp87
ENSMUSG00000027547,Sall4
ENSMUSG00000043290,Zfp784
ENSMUSG00000112919,Gm9049
ENSMUSG00000070034,Sp110
ENSMUSG00000048756,Foxo3
ENSMUSG00000027833,Shox2
ENSMUSG00000094870,Zfp131
ENSMUSG00000046311,Zfp62
ENSMUSG00000047036,Zfp445
ENSMUSG00000023927,Satb1
ENSMUSG00000040857,Erf
ENSMUSG00000094514,AC133103.3
ENSMUSG00000033080,Vsx1
ENSMUSG00000058665,En1
ENSMUSG00000092544,Gm20422
ENSMUSG00000049691,Nkx3-2
ENSMUSG00000034777,Vax2
ENSMUSG00000038418,Egr1
ENSMUSG00000044542,Prop1
ENSMUSG00000015605,Srf
ENSMUSG00000005917,Otx1
ENSMUSG00000020275,Rel
ENSMUSG00000070495,Ctcfl
ENSMUSG00000062713,Sim2
ENSMUSG00000074282,Zfp94
ENSMUSG00000055560,Zfp459
ENSMUSG00000109398,Gm3854
ENSMUSG00000006310,Zbtb32
ENSMUSG00000057894,Zfp329
ENSMUSG00000009097,Tbx1
ENSMUSG00000025959,Klf7
ENSMUSG00000047473,Zfp30
ENSMUSG00000046658,Zfp316
ENSMUSG00000001911,Nfix
ENSMUSG00000034800,Zfp661
ENSMUSG00000021540,Smad5
ENSMUSG00000020484,Xbp1
ENSMUSG00000079560,Hoxa3
ENSMUSG00000021217,Tshz3
ENSMUSG00000058638,Zfp110
ENSMUSG00000040732,Erg
ENSMUSG00000026222,Sp100
ENSMUSG00000025612,Bach1
ENSMUSG00000074220,Zfp382
ENSMUSG00000037640,Zfp60
ENSMUSG00000027583,Zbtb46
ENSMUSG00000042448,Hoxd1
ENSMUSG00000021743,Fezf2
ENSMUSG00000029832,Nfe2l3
ENSMUSG00000006642,Tcf23
ENSMUSG00000030001,Figla
ENSMUSG00000045515,Pou3f3
ENSMUSG00000015627,Gata5
ENSMUSG00000045519,Zfp560
ENSMUSG00000078768,Zfp566
ENSMUSG00000074472,Zfp872
ENSMUSG00000108367,Erfl
ENSMUSG00000046470,Sox18
ENSMUSG00000058402,Zfp420
ENSMUSG00000033961,Zfp446
ENSMUSG00000036721,Zscan12
ENSMUSG00000045991,Onecut2
ENSMUSG00000024220,Zfp523
ENSMUSG00000022952,Runx1
ENSMUSG00000040489,Sox30
ENSMUSG00000057093,Zfp607b
ENSMUSG00000044646,Zbtb7c
ENSMUSG00000020335,Zfp354b
ENSMUSG00000026976,Pax8
ENSMUSG00000054931,Zkscan4
ENSMUSG00000034998,Foxn2
ENSMUSG00000053211,Zfy1
ENSMUSG00000053211,Zfy1
ENSMUSG00000053211,Zfy1
ENSMUSG00000053211,Zfy1
ENSMUSG00000053211,Zfy1
ENSMUSG00000053211,Zfy1
ENSMUSG00000053211,Zfy1
ENSMUSG00000053211,Zfy1
ENSMUSG00000053211,Zfy1
ENSMUSG00000053211,Zfy1
ENSMUSG00000053211,Zfy1
ENSMUSG00000053211,Zfy1
ENSMUSG00000053211,Zfy1
ENSMUSG00000053211,Zfy1
ENSMUSG00000053211,Zfy1
ENSMUSG00000053211,Zfy1
ENSMUSG00000053211,Zfy1
ENSMUSG00000053211,Zfy1
ENSMUSG00000053211,Zfy1
ENSMUSG00000053211,Zfy1
ENSMUSG00000053211,Zfy1
ENSMUSG00000057551,Zfp317
ENSMUSG00000000440,Pparg
ENSMUSG00000079681,Zglp1
ENSMUSG00000057895,Zfp105
ENSMUSG00000109129,Gm44973
ENSMUSG00000053985,Zfp14
ENSMUSG00000031627,Irf2
ENSMUSG00000048728,Zfp454
ENSMUSG00000022809,Nr1i2
ENSMUSG00000051413,Plagl2
ENSMUSG00000030443,Zfp583
ENSMUSG00000021318,Gli3
ENSMUSG00000047141,Zfp654
ENSMUSG00000025958,Creb1
ENSMUSG00000060510,Zfp266
ENSMUSG00000017950,Hnf4a
ENSMUSG00000027439,Gzf1
ENSMUSG00000000938,Hoxa10
ENSMUSG00000005583,Mef2c
ENSMUSG00000021779,Thrb
ENSMUSG00000042439,Zfp532
ENSMUSG00000091519,Skor2
ENSMUSG00000038402,Foxf2
ENSMUSG00000021775,Nr1d2
ENSMUSG00000022389,Tef
ENSMUSG00000078994,Zfp429
ENSMUSG00000022508,Bcl6
ENSMUSG00000094799,AC125149.4
ENSMUSG00000054160,Nkx2-4
ENSMUSG00000098905,Zfp953
ENSMUSG00000098905,Zfp953
ENSMUSG00000098905,Zfp953
ENSMUSG00000098905,Zfp953
ENSMUSG00000097565,Gm26965
ENSMUSG00000097565,Gm26965
ENSMUSG00000097565,Gm26965
ENSMUSG00000097565,Gm26965
ENSMUSG00000097565,Gm26965
ENSMUSG00000097565,Gm26965
ENSMUSG00000097565,Gm26965
ENSMUSG00000097565,Gm26965
ENSMUSG00000097565,Gm26965
ENSMUSG00000097565,Gm26965
ENSMUSG00000097565,Gm26965
ENSMUSG00000097565,Gm26965
ENSMUSG00000030087,Klf15
ENSMUSG00000095250,AC133103.4
ENSMUSG00000020364,Zfp354a
ENSMUSG00000037001,Zfp39
ENSMUSG00000067942,Zfp160
ENSMUSG00000067942,Zfp160
ENSMUSG00000038415,Foxq1
ENSMUSG00000031965,Tbx20
ENSMUSG00000013419,Zfp651
ENSMUSG00000048450,Msx1
ENSMUSG00000067438,Hmx1
ENSMUSG00000042499,Hoxd11
ENSMUSG00000017007,Rbpjl
ENSMUSG00000022708,Zbtb20
ENSMUSG00000039087,Rreb1
ENSMUSG00000030380,Mzf1
ENSMUSG00000038227,Hoxa9
ENSMUSG00000038253,Hoxa5
ENSMUSG00000022641,Bbx
ENSMUSG00000071341,Egr4
ENSMUSG00000027967,Neurog2
ENSMUSG00000024206,Rfx2
ENSMUSG00000070709,Zfp974
ENSMUSG00000038805,Six3
ENSMUSG00000059839,Zfp874b
ENSMUSG00000004872,Pax3
ENSMUSG00000019982,Myb
ENSMUSG00000076431,Sox4
ENSMUSG00000011349,Dmrtc2
ENSMUSG00000021510,Zfp729a
ENSMUSG00000018143,Mafk
ENSMUSG00000023932,Cdc5l
ENSMUSG00000038932,Tcfl5
ENSMUSG00000002393,Nr2f6
ENSMUSG00000074283,Zfp109
ENSMUSG00000014039,Prdm15
ENSMUSG00000001819,Hoxd13
ENSMUSG00000059475,Zfp426
ENSMUSG00000079056,Kcnip3
ENSMUSG00000069184,Zfp72
ENSMUSG00000026135,Zfp142
ENSMUSG00000025323,Sp4
ENSMUSG00000001815,Evx2
ENSMUSG00000009741,Ubp1
ENSMUSG00000046185,Zfp84
ENSMUSG00000034333,Zbed4
ENSMUSG00000052675,Zfp112
ENSMUSG00000043456,Zfp536
ENSMUSG00000074139,1700057G04Rik
ENSMUSG00000018899,Irf1
ENSMUSG00000068079,Tcf15
ENSMUSG00000024134,Six2
ENSMUSG00000029587,Zfp12
ENSMUSG00000028163,Nfkb1
ENSMUSG00000048249,Crebrf
ENSMUSG00000063488,Zkscan7
ENSMUSG00000046982,Tshz1
ENSMUSG00000079808,AC168977.1
ENSMUSG00000027102,Hoxd8
ENSMUSG00000068327,Tlx2
ENSMUSG00000094483,Purb
ENSMUSG00000021506,Pitx1
ENSMUSG00000021366,Hivep1
ENSMUSG00000112216,Gm32717
ENSMUSG00000011267,Zfp296
ENSMUSG00000024431,Nr3c1
ENSMUSG00000054715,Zscan22
ENSMUSG00000035041,Creb3l3
ENSMUSG00000036972,Zic4
ENSMUSG00000096916,Zfp850
ENSMUSG00000045493,Bhlhe23
ENSMUSG00000050605,Zfp61
ENSMUSG00000049600,Zbtb45
ENSMUSG00000024563,Smad2
ENSMUSG00000029135,Fosl2
ENSMUSG00000035158,Mitf
ENSMUSG00000112814,Gm9040
ENSMUSG00000023990,Tfeb
ENSMUSG00000021469,Msx2
ENSMUSG00000020656,Grhl1
ENSMUSG00000026077,Npas2
ENSMUSG00000055874,Foxi3
ENSMUSG00000069206,Zfp874a
ENSMUSG00000029275,Gfi1
ENSMUSG00000071267,Zfp942
ENSMUSG00000055341,Zfp457
ENSMUSG00000055341,Zfp457
ENSMUSG00000057637,Prdm2
ENSMUSG00000028487,Bnc2
ENSMUSG00000049184,Purg
ENSMUSG00000029026,Trp73
ENSMUSG00000056854,Pou3f4
ENSMUSG00000078546,Zfp995
ENSMUSG00000034551,Hdx
ENSMUSG00000078503,Zfp990
ENSMUSG00000029563,Foxp2
ENSMUSG00000050954,Zfp169
ENSMUSG00000042414,Prdm14
ENSMUSG00000028423,Nfx1
ENSMUSG00000044186,Nkx2-6
ENSMUSG00000017688,Hnf4g
ENSMUSG00000032744,Heyl
ENSMUSG00000096433,Zfp994
ENSMUSG00000027552,E2f5
ENSMUSG00000063672,Nkx6-3
ENSMUSG00000025902,Sox17
ENSMUSG00000071477,Zfp777
ENSMUSG00000032998,Foxj3
ENSMUSG00000068551,Zfp467
ENSMUSG00000028807,Zbtb8a
ENSMUSG00000096225,Lhx8
ENSMUSG00000045179,Sox3
ENSMUSG00000100194,Tgif2lx2
ENSMUSG00000100194,Tgif2lx2
ENSMUSG00000048047,Zbtb33
ENSMUSG00000049878,Rlf
ENSMUSG00000042477,Tfap2e
ENSMUSG00000117284,Gm7072
ENSMUSG00000022346,Myc
ENSMUSG00000029705,Cux1
ENSMUSG00000028417,Tal2
ENSMUSG00000051490,Foxd4
ENSMUSG00000051490,Foxd4
ENSMUSG00000051490,Foxd4
ENSMUSG00000051490,Foxd4
ENSMUSG00000051490,Foxd4
ENSMUSG00000002996,Hbp1
ENSMUSG00000005373,Mlxipl
ENSMUSG00000029706,Pax4
ENSMUSG00000050197,Rhox13
ENSMUSG00000022061,Nkx3-1
ENSMUSG00000028946,Hes3
ENSMUSG00000059142,Zfp945
ENSMUSG00000040209,Zfp704
ENSMUSG00000050846,Zfp623
ENSMUSG00000046532,Ar
ENSMUSG00000070990,Foxe1
ENSMUSG00000028736,Pax7
ENSMUSG00000099032,Tcf24
ENSMUSG00000009406,Elk1
ENSMUSG00000028799,Zfp362
ENSMUSG00000086147,Zfp989
ENSMUSG00000071665,Foxr2
ENSMUSG00000047003,Zfp41
ENSMUSG00000069743,Zfp820
ENSMUSG00000050714,Zbtb26
ENSMUSG00000056749,Nfil3
ENSMUSG00000028610,Dmrtb1
ENSMUSG00000069114,Zbtb10
ENSMUSG00000029771,Irf5
ENSMUSG00000014603,Alx3
ENSMUSG00000078500,Zfp986
ENSMUSG00000101303,B020011L13Rik
ENSMUSG00000026890,Lhx6
ENSMUSG00000031162,Gata1
ENSMUSG00000022361,Zhx1
ENSMUSG00000065999,Zfp985
ENSMUSG00000041649,Klf8
ENSMUSG00000001566,Mnx1
ENSMUSG00000068966,Zbtb34
ENSMUSG00000098905,Zfp953
ENSMUSG00000098905,Zfp953
ENSMUSG00000097565,Gm26965
ENSMUSG00000097565,Gm26965
ENSMUSG00000097565,Gm26965
ENSMUSG00000097565,Gm26965
ENSMUSG00000008575,Nfib
ENSMUSG00000042508,Dmtf1
ENSMUSG00000022335,Zfat
ENSMUSG00000028707,Dmbx1
ENSMUSG00000066000,Zfp979
ENSMUSG00000036192,Rorb
ENSMUSG00000038648,Creb3l2
ENSMUSG00000043753,Dmrta1
ENSMUSG00000059040,Eno1b
ENSMUSG00000071757,Zhx2
ENSMUSG00000042372,Dmrt3
ENSMUSG00000064141,Zfp69
ENSMUSG00000028565,Nfia
ENSMUSG00000015846,Rxra
ENSMUSG00000056829,Foxb2
ENSMUSG00000039521,Foxp3
ENSMUSG00000079509,Zfx
ENSMUSG00000079509,Zfx
ENSMUSG00000045268,Zfp691
ENSMUSG00000025255,Zfhx4
ENSMUSG00000021381,Barx1
ENSMUSG00000029553,Tfec
ENSMUSG00000058186,Zfp980
ENSMUSG00000036916,Zfp280c
ENSMUSG00000031241,Tbx22
ENSMUSG00000079466,Prdm12
ENSMUSG00000053347,Zfp943
ENSMUSG00000033972,Zfp944
ENSMUSG00000073209,Klf14
ENSMUSG00000006215,Zbtb17
ENSMUSG00000031374,Zfp92
ENSMUSG00000037017,Zscan21
ENSMUSG00000067860,Zic3
ENSMUSG00000070691,Runx3
ENSMUSG00000025529,Zfp711
ENSMUSG00000025821,Zfp282
ENSMUSG00000003032,Klf4
ENSMUSG00000039476,Prrx2
ENSMUSG00000039841,Zfp800
ENSMUSG00000039410,Prdm16
ENSMUSG00000060862,Zbtb40
ENSMUSG00000055210,Foxd2
ENSMUSG00000044149,Nkrf
ENSMUSG00000024837,Dmrt1
ENSMUSG00000026805,Barhl1
ENSMUSG00000026932,Nacc2
ENSMUSG00000078497,Zfp978
ENSMUSG00000048001,Hes5
ENSMUSG00000069036,Sry
ENSMUSG00000037214,Thap1
ENSMUSG00000058670,4932411N23Rik
ENSMUSG00000071266,Zfp946
ENSMUSG00000022330,Osr2
ENSMUSG00000048385,Scrt1
ENSMUSG00000066009,Zfp987
ENSMUSG00000048485,Zbtb8b
ENSMUSG00000063383,Zfp947
ENSMUSG00000034384,Barhl2
ENSMUSG00000028389,Zfp37
ENSMUSG00000033863,Klf9
ENSMUSG00000015942,Gtf2ird2
ENSMUSG00000015942,Gtf2ird2
ENSMUSG00000038718,Pbx3
ENSMUSG00000040929,Rfx3
ENSMUSG00000051351,Zfp46
ENSMUSG00000028341,Nr4a3
ENSMUSG00000031103,Elf4
ENSMUSG00000025128,Bhlhe22
ENSMUSG00000038630,Zkscan16
ENSMUSG00000028717,Tal1
ENSMUSG00000092416,Zfp141
ENSMUSG00000003282,Plag1
ENSMUSG00000078498,Zfp988
ENSMUSG00000033740,St18
ENSMUSG00000023443,Esx1
ENSMUSG00000067928,Zfp760
ENSMUSG00000022676,Snai2
ENSMUSG00000062519,Zfp398
ENSMUSG00000058246,Gm10037
ENSMUSG00000058246,Gm10037
ENSMUSG00000058246,Gm10037
ENSMUSG00000058246,Gm10037
ENSMUSG00000098692,Gm28041
ENSMUSG00000098692,Gm28041
ENSMUSG00000098692,Gm28041
ENSMUSG00000098692,Gm28041
ENSMUSG00000000134,Tfe3
ENSMUSG00000028952,Zbtb48
ENSMUSG00000000247,Lhx2
ENSMUSG00000022053,Ebf2
ENSMUSG00000044934,Zfp367
ENSMUSG00000047591,Mafa
ENSMUSG00000048540,Nhlh2
ENSMUSG00000025592,Dach2
ENSMUSG00000048626,Klf17
ENSMUSG00000055991,Zkscan5
ENSMUSG00000027868,Tbx15
ENSMUSG00000026751,Nr5a1
ENSMUSG00000038765,Lmx1b
ENSMUSG00000028890,Mtf1
ENSMUSG00000049606,Zfp644
ENSMUSG00000034522,Zfp395
ENSMUSG00000067261,Foxd3
ENSMUSG00000029754,Dlx6
ENSMUSG00000038679,Trps1
ENSMUSG00000052271,Bhlha15
ENSMUSG00000052135,Foxo6
ENSMUSG00000060261,Gtf2i
ENSMUSG00000026788,Zbtb43
ENSMUSG00000014030,Pax5
ENSMUSG00000056300,Zfp981
ENSMUSG00000026815,Gfi1b
ENSMUSG00000090125,Pou3f1
ENSMUSG00000047143,Dmrta2
ENSMUSG00000059625,Sohlh1
ENSMUSG00000022526,Zfp251
ENSMUSG00000028582,Cc2d1b
ENSMUSG00000039634,Zfp189
ENSMUSG00000040289,Hey1
ENSMUSG00000029755,Dlx5
ENSMUSG00000018983,E2f2
ENSMUSG00000058440,Nrf1
ENSMUSG00000028654,Mycl
ENSMUSG00000067919,Rex2
ENSMUSG00000029736,Nobox
ENSMUSG00000044518,Foxe3
ENSMUSG00000026934,Lhx3
ENSMUSG00000049657,Zbtb5
ENSMUSG00000037188,Grhl3
ENSMUSG00000029050,Ski
ENSMUSG00000037465,Klf10
ENSMUSG00000070902,Zfp352
ENSMUSG00000029697,Fezf1
ENSMUSG00000067916,Zfp991
ENSMUSG00000042063,Zfp386
ENSMUSG00000028634,Hivep3
ENSMUSG00000063060,Sox7
ENSMUSG00000028901,Gmeb1
ENSMUSG00000021944,Gata4
ENSMUSG00000054737,Zfp182
ENSMUSG00000055150,Zfp78
ENSMUSG00000055150,Zfp78
ENSMUSG00000055150,Zfp78
ENSMUSG00000055150,Zfp78
ENSMUSG00000114923,Gm49345
ENSMUSG00000114923,Gm49345
ENSMUSG00000050064,Zfp697
ENSMUSG00000032897,Nfyc
ENSMUSG00000052942,Glis3
ENSMUSG00000022556,Hsf1
ENSMUSG00000030469,Zfp719
ENSMUSG00000054967,Zfp647
ENSMUSG00000029729,Zkscan1
ENSMUSG00000025912,Mybl1
ENSMUSG00000066798,Zbtb6
ENSMUSG00000029627,Zkscan14
ENSMUSG00000048280,Zfp738
ENSMUSG00000048280,Zfp738
ENSMUSG00000071637,Cebpd
ENSMUSG00000022286,Grhl2
ENSMUSG00000045699,Gm21411
ENSMUSG00000033669,Zfp7
ENSMUSG00000039095,En2
ENSMUSG00000028466,Creb3
ENSMUSG00000028358,Zfp618
ENSMUSG00000034762,Glis1
ENSMUSG00000070605,Zfp992
ENSMUSG00000025930,Msc
ENSMUSG00000067724,Gbx1
ENSMUSG00000035277,Arx
ENSMUSG00000048138,Dmrt2
ENSMUSG00000033730,Egr3
ENSMUSG00000045336,Hsfy2
ENSMUSG00000063245,Zfp993
ENSMUSG00000023079,Gtf2ird1
ENSMUSG00000007812,Zfp655
ENSMUSG00000024406,Pou5f1
ENSMUSG00000116024,Gm49527
ENSMUSG00000034161,Scx
ENSMUSG00000042903,Foxo4
ENSMUSG00000057842,Zfp595
ENSMUSG00000057842,Zfp595
ENSMUSG00000033837,Foxh1
ENSMUSG00000073176,Zfp449
ENSMUSG00000070420,Zscan25
ENSMUSG00000062518,Zfp534
ENSMUSG00000028940,Hes2
ENSMUSG00000052684,Jun
ENSMUSG00000100133,Tgif2lx1
ENSMUSG00000100133,Tgif2lx1
ENSMUSG00000052763,Zfp212
ENSMUSG00000031326,Cdx4
ENSMUSG00000061894,Zscan20
ENSMUSG00000063972,Nr6a1
ENSMUSG00000078495,Zfp984
ENSMUSG00000057691,Zfp746
ENSMUSG00000051499,Zfp786
ENSMUSG00000063524,Eno1
